<?xml version="1.0" encoding="UTF-8"?>
<con:mockService port="8088" path="/mockShoppingService" host="chethan-PC" name="ShoppingServiceSoapBinding MockService" bindToHostOnly="false" docroot="" xmlns:con="http://eviware.com/soapui/config"><con:settings><con:setting id="com.eviware.soapui.impl.wsdl.mock.WsdlMockService@require-soap-action">false</con:setting></con:settings><con:mockOperation name="find" interface="ShoppingServiceSoapBinding" operation="find"><con:settings/><con:dispatchPath>// Util variables to access the xml data
def groovyUtils = new com.eviware.soapui.support.GroovyUtils( context )
def holder = groovyUtils.getXmlHolder( mockRequest.requestContent )

// Get the session ID
def sessionid = holder.getNodeValue( "//*:sessionId" )

// check if its a valid session
if( !context.hasProperty( sessionid )){
	// If not a valid session ID, set the relevant fault message
	requestContext.faultCode = 'APP006'
	requestContext.faultShortDesc = 'Invalid Session'
	requestContext.faultCausedBy = 'Auth System'
	requestContext.faultDesc = 'Invalid Session ID. Session does not exist or has timed out.'
	return "Fault Find"
}

// Get the query string
def itemDesc = holder.getNodeValue( "//*:findString" )

// This is our item list. Feel free to add more items if you want...
def itemList = [ : ]
itemList["Android Tablet"] = [id:1, desc: "Android Tablet", price: "40 GBP" ,stockStatus: "100", expectedDelivery: "30-JUL-2012"]
itemList["iPad v1"] = [id:2, desc: "iPad v1", price: "540 GBP"  ,stockStatus: "50", expectedDelivery: "30-JUL-2012"]
itemList["iPad v2"] = [id:3, desc: "iPad v2", price: "800 GBP"  ,stockStatus: "10", expectedDelivery: "30-AUG-2012"]


//def itemList = context.getProperty("itemList")

// Check if we have an item with the same description as the search string
if(itemList.containsKey(itemDesc)){
	// Populate item details and send success message
	def item = itemList[itemDesc]
	requestContext.itemId = item.id
	requestContext.itemDescription = item.desc
	requestContext.itemPrice = item.price
	return "Successful Find"
}

// We couldn't find a particular item for the search. 
//In the demo we don't support generic queries. So send a fault message
requestContext.faultCode = 'APP007'
requestContext.faultShortDesc = 'Invalid Query'
requestContext.faultCausedBy = 'Search System'
requestContext.faultDesc = 'In the demo we do not support generic queries and we could not find any items with the given string!!!'
return "Fault Find"
</con:dispatchPath><con:dispatchStyle>SCRIPT</con:dispatchStyle><con:defaultResponse>Response 1</con:defaultResponse><con:response name="Successful Find" encoding="UTF-8"><con:settings/><con:responseContent><![CDATA[<soapenv:Envelope xmlns:soapenv="http://schemas.xmlsoap.org/soap/envelope/" xmlns:ns="http://expertz.me/data/eCommerce/ShoppingService/1.0">
   <soapenv:Header/>
   <soapenv:Body>
      <ns:findResponse>
         <ns:item>
            <ns:id>${itemId}</ns:id>
            <ns:description>${itemDescription}</ns:description>
            <ns:price>${itemPrice}</ns:price>
         </ns:item>
      </ns:findResponse>
   </soapenv:Body>
</soapenv:Envelope>]]></con:responseContent><con:wsaConfig mustUnderstand="NONE" version="200508" action="http://expertz.me/service/eCommerce/ShoppingService/1.0/find"/></con:response><con:response name="Fault Find" encoding="UTF-8"><con:settings/><con:responseContent><![CDATA[<soapenv:Envelope xmlns:soapenv="http://schemas.xmlsoap.org/soap/envelope/">
  <soapenv:Body>
    <soapenv:Fault>
      <faultcode>${faultCode}</faultcode>
      <faultstring xml:lang="en-US">${faultShortDesc}</faultstring>
      <!--Optional:-->
      <faultactor>${faultCausedBy}</faultactor>
      <!--Optional:-->
      <detail>
      ${faultDesc}
        <!--You may enter ANY elements at this point-->
      </detail>
    </soapenv:Fault>
  </soapenv:Body>
</soapenv:Envelope>]]></con:responseContent><con:wsaConfig mustUnderstand="NONE" version="200508" action="http://expertz.me/service/eCommerce/ShoppingService/1.0/find"/></con:response><con:dispatchConfig/></con:mockOperation><con:mockOperation name="login" interface="ShoppingServiceSoapBinding" operation="login"><con:settings/><con:dispatchPath>// Initialize Util classes to retrieve XML value
def groovyUtils = new com.eviware.soapui.support.GroovyUtils( context )
def holder = groovyUtils.getXmlHolder( mockRequest.requestContent )

// Get the username and Password values provided
def username = holder.getNodeValue( "//*:username" )
def password = holder.getNodeValue( "//*:password" )

// validate by checking that the User is not already logged in
// Username is of required length and Password doesn't end with 123!!!
if( context.hasProperty( username )  || username.length() > 10 || username.length() &lt; 3 || password.endsWith( "123" )){
	// If user is already loggged in, set different fault codes compared to others
	if(context.hasProperty( username )){
		requestContext.faultCode = 'APP001'
		requestContext.faultShortDesc = 'Already Logged In'
		requestContext.faultCausedBy = 'Auth System'
		requestContext.faultDesc = 'User is already logged in. If you want to login as another user logout first'
	}
	else{
		// Set relevant error code and desc. For the demo, we will keep it simple
		requestContext.faultCode = 'APP002'
		requestContext.faultShortDesc = 'Invalid Login Credentials'
		requestContext.faultCausedBy = 'Auth System'
		requestContext.faultDesc = 'Invalid Login Credentials. Please try again.'
	}
	// Specify which response to send back
	return "Fault Login"	
}

// Seems like a valid request, so generate session ID
// Note that we don't do password verification in the demo
def sessionid = String.valueOf( Math.random() ).substring( 2 )

// Set the user name and session ID as valid sessions and logged in user in context
// This helps in looking up to see if the user is logged in or if this is a valid session ID
context.setProperty( username, sessionid )
context.setProperty( sessionid, username )

requestContext.sessionid = sessionid
return "Successful Login"
</con:dispatchPath><con:dispatchStyle>SCRIPT</con:dispatchStyle><con:defaultResponse>Successful Login</con:defaultResponse><con:response name="Successful Login" encoding="UTF-8"><con:settings/><con:responseContent><![CDATA[<soapenv:Envelope xmlns:soapenv="http://schemas.xmlsoap.org/soap/envelope/" xmlns:ns="http://expertz.me/data/eCommerce/ShoppingService/1.0">
   <soapenv:Header/>
   <soapenv:Body>
      <ns:sessionId>${sessionid}</ns:sessionId>
   </soapenv:Body>
</soapenv:Envelope>]]></con:responseContent><con:wsaConfig mustUnderstand="NONE" version="200508" action="http://expertz.me/service/eCommerce/ShoppingService/1.0/login"/></con:response><con:response name="Fault Login" encoding="UTF-8"><con:settings/><con:responseContent><![CDATA[<soapenv:Envelope xmlns:soapenv="http://schemas.xmlsoap.org/soap/envelope/" xmlns:ns="http://expertz.me/data/eCommerce/ShoppingService/1.0">
  <soapenv:Body>
    <soapenv:Fault>
      <faultcode>${faultCode}</faultcode>
      <faultstring xml:lang="en-US">${faultShortDesc}</faultstring>
      <!--Optional:-->
      <faultactor>${faultCausedBy}</faultactor>
      <!--Optional:-->
      <detail>
        <ns:faultMessage>${faultDesc}</ns:faultMessage>
        <!--You may enter ANY elements at this point-->
      </detail>
    </soapenv:Fault>
  </soapenv:Body>
</soapenv:Envelope>
]]></con:responseContent><con:wsaConfig mustUnderstand="NONE" version="200508" action="http://expertz.me/service/eCommerce/ShoppingService/1.0/login"/></con:response><con:dispatchConfig/></con:mockOperation><con:mockOperation name="logout" interface="ShoppingServiceSoapBinding" operation="logout"><con:settings/><con:dispatchPath>// Util variables to access the xml data
def groovyUtils = new com.eviware.soapui.support.GroovyUtils( context )
def holder = groovyUtils.getXmlHolder( mockRequest.requestContent )

// Get the session ID
def sessionid = holder.getNodeValue( "//*:sessionId" )

// check if its a valid session
if( !context.hasProperty( sessionid )){
	// If not a valid session ID, set the relevant fault message
	requestContext.faultCode = 'APP003'
	requestContext.faultShortDesc = 'Invalid Session'
	requestContext.faultCausedBy = 'Auth System'
	requestContext.faultDesc = 'Invalid Session ID. Session does not exist or has timed out.'
	return "Fault Logout"
}

// logout from the system by removing the relevant context
context.removeProperty( context.getProperty( sessionid ))
context.removeProperty( sessionid )
requestContext.logoutMessage = "Successfully logged out of the system."

return "Successful Logout"
</con:dispatchPath><con:dispatchStyle>SCRIPT</con:dispatchStyle><con:defaultResponse>Response 1</con:defaultResponse><con:response name="Successful Logout" encoding="UTF-8"><con:settings/><con:responseContent><![CDATA[<soapenv:Envelope xmlns:soapenv="http://schemas.xmlsoap.org/soap/envelope/" xmlns:ns="http://expertz.me/data/eCommerce/ShoppingService/1.0">
   <soapenv:Header/>
   <soapenv:Body>
      <ns:logoutResponse>
         <ns:logoutMessage>${logoutMessage}</ns:logoutMessage>
      </ns:logoutResponse>
   </soapenv:Body>
</soapenv:Envelope>]]></con:responseContent><con:wsaConfig mustUnderstand="NONE" version="200508" action="http://expertz.me/service/eCommerce/ShoppingService/1.0/logout"/></con:response><con:response name="Fault Logout" encoding="UTF-8"><con:settings/><con:responseContent><![CDATA[<soapenv:Envelope xmlns:soapenv="http://schemas.xmlsoap.org/soap/envelope/">
  <soapenv:Body>
    <soapenv:Fault>
      <faultcode>${faultCode}</faultcode>
      <faultstring xml:lang="en-US">${faultShortDesc}</faultstring>
      <!--Optional:-->
      <faultactor>${faultCausedBy}</faultactor>
      <!--Optional:-->
      <detail>
      ${faultDesc}
        <!--You may enter ANY elements at this point-->
      </detail>
    </soapenv:Fault>
  </soapenv:Body>
</soapenv:Envelope>]]></con:responseContent><con:wsaConfig mustUnderstand="NONE" version="200508" action="http://expertz.me/service/eCommerce/ShoppingService/1.0/logout"/></con:response><con:dispatchConfig/></con:mockOperation><con:mockOperation name="purchase" interface="ShoppingServiceSoapBinding" operation="purchase"><con:settings/><con:dispatchPath>// Util variables to access the xml data
def groovyUtils = new com.eviware.soapui.support.GroovyUtils( context )
def holder = groovyUtils.getXmlHolder( mockRequest.requestContent )

// Get the session ID
def sessionid = holder.getNodeValue( "//*:sessionId" )

// check if its a valid session
if( !context.hasProperty( sessionid )){
	// If not a valid session ID, set the relevant fault message
	requestContext.faultCode = 'APP010'
	requestContext.faultShortDesc = 'Invalid Session'
	requestContext.faultCausedBy = 'Auth System'
	requestContext.faultDesc = 'Invalid Session ID. Session does not exist or has timed out.'
	return "Fault Find"
}

// Get the query string
def itemDesc = holder.getNodeValue( "//*:purchaseItem" )

// This is our item list. Feel free to add more items if you want...
def itemList = [ : ]
itemList["Android Tablet"] = [id:1, desc: "Android Tablet", price: "40 GBP" ,stockStatus: "100", expectedDelivery: "30-JUL-2012"]
itemList["iPad v1"] = [id:2, desc: "iPad v1", price: "540 GBP"  ,stockStatus: "50", expectedDelivery: "30-JUL-2012"]
itemList["iPad v2"] = [id:3, desc: "iPad v2", price: "800 GBP"  ,stockStatus: "10", expectedDelivery: "30-AUG-2012"]


//def itemList = context.getProperty("itemList")

// Check if we have an item with the same description as the search string
if(itemList.containsKey(itemDesc)){
	// Populate item details and send success message
	def item = itemList[itemDesc]
	requestContext.itemId = item.id
	requestContext.itemStockStatus = item.stockStatus
	requestContext.itemExpectedDelivery = item.expectedDelivery
	return "Successful Purchase"
}

// We couldn't find a particular item for the search. 
//In the demo we don't support generic queries. So send a fault message
requestContext.faultCode = 'APP011'
requestContext.faultShortDesc = 'Invalid Item'
requestContext.faultCausedBy = 'Purchase System'
requestContext.faultDesc = 'In the demo we do not support bulk buys or add to cart kind of operations. We could not find any items with the given name!!!'
return "Fault Purchase"
</con:dispatchPath><con:dispatchStyle>SCRIPT</con:dispatchStyle><con:defaultResponse>Response 1</con:defaultResponse><con:response name="Successful Purchase" encoding="UTF-8"><con:settings/><con:responseContent><![CDATA[<soapenv:Envelope xmlns:soapenv="http://schemas.xmlsoap.org/soap/envelope/" xmlns:ns="http://expertz.me/data/eCommerce/ShoppingService/1.0">
   <soapenv:Header/>
   <soapenv:Body>
      <ns:purchaseResponse>
         <ns:purchaseStatus>
            <ns:id>${itemId}</ns:id>
            <ns:stockStatus>${itemStockStatus}</ns:stockStatus>
            <ns:expectedDelivery>${itemExpectedDelivery}</ns:expectedDelivery>
         </ns:purchaseStatus>
      </ns:purchaseResponse>
   </soapenv:Body>
</soapenv:Envelope>]]></con:responseContent><con:wsaConfig mustUnderstand="NONE" version="200508" action="http://expertz.me/service/eCommerce/ShoppingService/1.0/purchase"/></con:response><con:response name="Fault Purchase" encoding="UTF-8"><con:settings/><con:responseContent><![CDATA[<soapenv:Envelope xmlns:soapenv="http://schemas.xmlsoap.org/soap/envelope/">
  <soapenv:Body>
    <soapenv:Fault>
      <faultcode>${faultCode}</faultcode>
      <faultstring xml:lang="en-US">${faultShortDesc}</faultstring>
      <!--Optional:-->
      <faultactor>${faultCausedBy}</faultactor>
      <!--Optional:-->
      <detail>
      	${faultDesc}
        <!--You may enter ANY elements at this point-->
      </detail>
    </soapenv:Fault>
  </soapenv:Body>
</soapenv:Envelope>]]></con:responseContent><con:wsaConfig mustUnderstand="NONE" version="200508" action="http://expertz.me/service/eCommerce/ShoppingService/1.0/purchase"/></con:response><con:dispatchConfig/></con:mockOperation><con:startScript>/*
def itemList = [ : ]
itemList["Android Tablet"] = [id:1, desc: "Android Tablet", price: "40 GBP" ]
itemList["iPad v1"] = [id:2, desc: "iPad v1", price: "540 GBP" ]
itemList["iPad v2"] = [id:3, desc: "iPad v2", price: "800 GBP" ]

context.setProperty("itemList", itemList)
*/</con:startScript><con:properties/></con:mockService>